{"cameraMode":{"drawMode":0,"name":"Shaded","section":"Shading Mode"},"sceneLighting":false,"audioPlay":false,"sceneViewState":{"m_AlwaysRefresh":false,"showFog":true,"showSkybox":false,"showFlares":true,"showImageEffects":true,"showParticleSystems":true,"showVisualEffectGraphs":true,"m_FxEnabled":true},"in2DMode":false,"pivot":{"x":-2.9772820472717287,"y":1.1784110069274903,"z":-1.3569493293762208},"rotation":{"x":0.15032701194286347,"y":0.8173379898071289,"z":-0.498653769493103,"w":0.24639859795570374},"size":3.9370038509368898,"orthographic":false}