{"cameraMode":{"drawMode":0,"name":"Shaded","section":"Shading Mode"},"sceneLighting":true,"audioPlay":false,"sceneViewState":{"m_AlwaysRefresh":false,"showFog":true,"showSkybox":true,"showFlares":true,"showImageEffects":true,"showParticleSystems":true,"showVisualEffectGraphs":true,"m_FxEnabled":true},"in2DMode":false,"pivot":{"x":17.42416000366211,"y":15.117767333984375,"z":36.08992385864258},"rotation":{"x":0.24058061838150025,"y":-0.6573818325996399,"z":0.23415535688400269,"w":0.6749009490013123},"size":1.4686765670776368,"orthographic":false}