{"cameraMode":{"drawMode":0,"name":"Shaded","section":"Shading Mode"},"sceneLighting":true,"audioPlay":false,"sceneViewState":{"m_AlwaysRefresh":false,"showFog":true,"showSkybox":true,"showFlares":true,"showImageEffects":true,"showParticleSystems":true,"showVisualEffectGraphs":true,"m_FxEnabled":true},"in2DMode":false,"pivot":{"x":995.4950561523438,"y":496.15374755859377,"z":-570.981689453125},"rotation":{"x":-0.06120909005403519,"y":0.009304199367761612,"z":0.0009130721446126699,"w":-0.9984697699546814},"size":70.71067810058594,"orthographic":false}