{"cameraMode":{"drawMode":0,"name":"Shaded","section":"Shading Mode"},"sceneLighting":false,"audioPlay":false,"sceneViewState":{"m_AlwaysRefresh":false,"showFog":true,"showSkybox":false,"showFlares":true,"showImageEffects":true,"showParticleSystems":true,"showVisualEffectGraphs":true,"m_FxEnabled":true},"in2DMode":false,"pivot":{"x":1.494850754737854,"y":1.7528681755065919,"z":1.0570980310440064},"rotation":{"x":-0.16932913661003114,"y":0.8049324750900269,"z":-0.27329200506210329,"w":-0.49872833490371706},"size":0.8660253882408142,"orthographic":false}